{"stats":{"minecraft:dropped":{"minecraft:oak_sapling":1},"minecraft:killed_by":{"minecraft:skeleton":1,"minecraft:spider":1,"minecraft:zombie":1},"minecraft:picked_up":{"minecraft:stick":1,"minecraft:oak_log":6,"minecraft:oak_sapling":2},"minecraft:mined":{"minecraft:oak_log":6,"minecraft:dead_bush":3,"minecraft:oak_leaves":5},"minecraft:custom":{"minecraft:open_chest":1,"minecraft:time_since_rest":10267,"minecraft:crouch_one_cm":99,"minecraft:walk_one_cm":21562,"minecraft:play_time":16151,"minecraft:sprint_one_cm":42841,"minecraft:damage_taken":955,"minecraft:deaths":3,"minecraft:sneak_time":22,"minecraft:walk_under_water_one_cm":47,"minecraft:drop":1,"minecraft:jump":243,"minecraft:walk_on_water_one_cm":120,"minecraft:leave_game":2,"minecraft:time_since_death":10006,"minecraft:total_world_time":16151,"minecraft:swim_one_cm":1197,"minecraft:fall_one_cm":17822,"minecraft:fly_one_cm":48203},"minecraft:crafted":{"minecraft:oak_planks":24,"minecraft:crafting_table":1},"minecraft:used":{"minecraft:golden_boots":1}},"DataVersion":3953}