{"stats":{"minecraft:killed_by":{"minecraft:zombie":1,"minecraft:spider":1},"minecraft:custom":{"minecraft:jump":47,"minecraft:time_since_rest":835,"minecraft:deaths":2,"minecraft:crouch_one_cm":42,"minecraft:sprint_one_cm":9498,"minecraft:leave_game":1,"minecraft:play_time":4453,"minecraft:damage_taken":495,"minecraft:time_since_death":750,"minecraft:walk_one_cm":5553,"minecraft:sneak_time":15,"minecraft:total_world_time":4453,"minecraft:fall_one_cm":4776,"minecraft:fly_one_cm":7054}},"DataVersion":3953}